-- Activity 1 Animal data
INSERT INTO `animal` (`id`, `name_en`, `name_th`, `audio_title`, `status`) VALUES
(1, 'Ant', 'มด', 'Ant.m4a', 1),
(2, 'Bear', 'หมี ', 'Bear.m4a', 1),
(3, 'Bee', 'ผึ้ง', 'Bee.m4a', 1),
(4, 'Bird', 'นก', 'Bird.m4a', 1),
(5, 'Buffalo', 'ควาย', 'Buffalo.m4a', 1),
(6, 'Cat', 'แมว ', 'Cat.m4a', 1),
(7, 'Chicken', 'ไก่', 'Chicken.m4a', 1),
(8, 'Cow', 'วัว', 'Cow.m4a', 1),
(9, 'Crab', 'ปู', 'Crab.m4a', 1),
(10, 'Dear', 'กวาง', 'Dear.m4a', 1),
(11, 'Dog', 'หมา', 'Dog.m4a', 1),
(12, 'Elephant', 'ช้าง', 'Elephant.m4a', 1),
(13, 'Fish', 'ปลา', 'Fish.m4a', 1),
(14, 'Frog', 'กบ', 'Frog.m4a', 1),
(15, 'Lion', 'สิงโต', 'Lion.m4a', 1),
(16, 'Monkey', 'ลิง', 'Monkey.m4a', 1),
(17, 'Pig', 'หมู', 'Pig.m4a', 1),
(18, 'Rat', 'หนู', 'Rat.m4a', 1),
(19, 'Shirmp', 'กุ้ง', 'Shrimp.m4a', 1),
(20, 'Tiger', 'เสือ ', 'Tiger.m4a', 1),
(21, 'Turtle', 'เต่า ', 'Turtle.m4a', 1);

-- Activity 2 Animal data
INSERT INTO `animal` (`id`, `name_en`, `name_th`, `audio_title`, `status`) VALUES
(22, 'Above', 'บน', 'Above.m4a', 1),
(23, 'Accept', 'ยอม', 'Accept.m4a', 1),
(24, 'Animal', 'สัตว์', 'Animal.m4a', 1),
(25, 'Area', 'ถิ่น', 'Area.m4a', 1),
(26, 'Around', 'ทั่ว', 'Around.m4a', 1),
(27, 'Back', 'กลับ ', 'Back.m4a', 1),
(28, 'Bag', 'ถุง', 'Bag.m4a', 1),
(29, 'Bark', 'เห่า', 'Bark.m4a', 1),
(30, 'Beauty', 'งาม', 'Beauty.m4a', 1),
(31, 'Bin', 'ถัง', 'Bin.m4a', 1),
(32, 'Black', 'ดำ', 'Black.m4a', 1),
(33, 'Bowl', 'พาน', 'Bowl.m4a', 1),
(34, 'Brave', 'กล้า', 'Brave.m4a', 1),
(35, 'Car', 'รถ', 'Car.m4a', 1),
(36, 'Clean', 'ล้าง ', 'Clean.m4a', 1),
(37, 'Couple', 'คู่ ', 'Couple.m4a', 1),
(38, 'Cow', 'วัว', 'Cow.m4a', 1),
(39, 'Day', 'วัน', 'Day.m4a', 1),
(40, 'Dish', 'จาน ', 'Dish.m4a', 1),
(41, 'Drop', 'ทิ้ง', 'Drop.m4a', 1),
(42, 'Ear', 'หู', 'Ear.m4a', 1),
(43, 'Eat', 'กิน', 'Eat.m4a', 1),
(44, 'Egg', 'ไข่ ', 'Egg.m4a', 1),
(45, 'Far', 'ไกล', 'Far.m4a', 1),
(46, 'Fear', 'กลัว', 'Fear.m4a', 1),
(47, 'Finger', 'นิ้ว', 'Finger.m4a', 1),
(48, 'Forest', 'ป่า', 'Forest.m4a', 1),
(49, 'Forget', 'ลืม', 'Forget.m4a', 1),
(50, 'Grand', 'ยาย', 'Grand.m4a', 1),
(51, 'Grand2', 'ตา', 'Grand2.m4a', 1),
(52, 'Growth', 'โต', 'Growth.m4a', 1),
(53, 'Hand', 'มือ ', 'Hand.m4a', 1),
(54, 'Hard', 'ยาก', 'Hard.m4a', 1),
(55, 'He', 'เขา', 'He.m4a', 1),
(56, 'Heart', 'ใจ', 'Heart.m4a', 1),
(57, 'High', 'สูง', 'High.m4a', 1),
(58, 'Hold', 'ถือ', 'Hold.m4a', 1),
(59, 'Know', 'รู้', 'Know.m4a', 1),
(60, 'Leaf', 'ใบ', 'Leaf.m4a', 1),
(61, 'Leave', 'จาก ', 'Leave.m4a', 1),
(62, 'Left', 'ใบ', 'Left.m4a', 1),
(63, 'Leg', 'ขา', 'Leg.m4a', 1),
(64, 'Less', 'น้อย', 'Less.m4a', 1),
(65, 'Loose', 'เสีย', 'Loose.m4a', 1),
(66, 'Low', 'ต่ำ', 'Low.m4a', 1),
(67, 'Money', 'เงิน', 'Money.m4a', 1),
(68, 'Morning', 'เช้า', 'Morning.m4a', 1),
(69, 'Mouth', 'ปาก ', 'Mouth.m4a', 1),
(70, 'Narrow', 'แคบ', 'Narrow.m4a', 1),
(71, 'Nation', 'ชาติ', 'Nation.m4a', 1),
(72, 'Noon', 'บ่าย', 'Noon.m4a', 1),
(73, 'Point', 'ชี้ ', 'Point.m4a', 1),
(74, 'Praise', 'ชม', 'Praise.m4a', 1),
(75, 'Pull', 'ดึง ', 'Pull.m4a', 1),
(76, 'Quiet', 'เงียบ', 'Quiet.m4a', 1),
(77, 'Real', 'จริง ', 'Real.m4a', 1),
(78, 'Remember', 'จำ', 'Remember.m4a', 1),
(79, 'River', 'คลอง', 'River.m4a', 1),
(80, 'Row', 'แถว', 'Row.m4a', 1),
(81, 'Run', 'วิ่ง', 'Run.m4a', 1),
(82, 'Sale', 'ขาย', 'Sale.m4a', 1),
(83, 'Shine', 'ตาก', 'Shine.m4a', 1),
(84, 'Sit', 'นั่ง', 'Sit.m4a', 1),
(85, 'Sky', 'ฟ้า', 'Sky.m4a', 1),
(86, 'Smart', 'เก่ง', 'Smart.m4a', 1),
(87, 'Stand', 'ยืน', 'Stand.m4a', 1),
(88, 'Study', 'เรียน', 'Study.m4a', 1),
(89, 'Tell', 'บอก', 'Tell.m4a', 1),
(90, 'Temple', 'วัด', 'Temple.m4a', 1),
(91, 'Tooth', 'ฟัน ', 'Tooth.m4a', 1),
(92, 'Umbrella', 'ร่ม', 'Umbrella.m4a', 1),
(93, 'Wait', 'เฝ้า', 'Wait.m4a', 1),
(94, 'Walk', 'เดิน', 'Walk.m4a', 1),
(95, 'Walking', 'ก้าว ', 'Walking.m4a', 1),
(96, 'Water', 'น้ำ', 'Water.m4a', 1),
(97, 'Wood', 'ไม้', 'Wood.m4a', 1),
(98, 'Word', 'คำ', 'Word.m4a', 1),
(99, 'Yet', 'ยัง', 'Yet.m4a', 1);

-- Activity data
Insert into activity (ID, ACTIVITY_NAME_EN, ACTIVITY_NAME_TH, DESCRIPTION, STATUS) VALUES (1, 'Animal Name', 'ชื่อสัตว์', 'Memorize Animal Name', 1), 
(2, 'Object Name', 'ชื่อออบเจ็กต์', 'Memorize Object Name', 1),  (3, 'Image Poisition', 'ตำแหน่งรูปภาพ', 'Memorize Image Position', 1);

-- Activity 1 Application data
INSERT INTO application (id, activity_id, animal_id, activity_level, level_round, round_order, is_example) VALUES 
(1,	1,	13,	1,	1,	1,	0),	
(2,	1,	3,	1,	1,	2,	0),	
(3,	1,	17,	1,	2,	1,	0),	
(4,	1,	15,	1,	2,	2,	0),	
(5,	1,	9,	2,	1,	1,	0),	
(6,	1,	2,	2,	1,	2,	0),	
(7,	1,	16,	2,	1,	3,	0),	
(8,	1,	12,	2,	2,	1,	0),	
(9,	1,	5,	2,	2,	2,	0),	
(10,	1,	1,	2,	2,	3,	0),	
(11,	1,	20,	3,	1,	1,	0),	
(12,	1,	7,	3,	1,	2,	0),	
(13,	1,	8,	3,	1,	3,	0),	
(14,	1,	19,	3,	1,	4,	0),	
(15,	1,	6,	3,	2,	1,	0),	
(16,	1,	16,	3,	2,	2,	0),	
(17,	1,	9,	3,	2,	3,	0),	
(18,	1,	11,	3,	2,	4,	0),	
(19,	1,	17,	3,	3,	1,	0),	
(20,	1,	16,	3,	3,	2,	0),	
(21,	1,	11,	3,	3,	3,	0),	
(22,	1,	13,	3,	3,	4,	0),	
(23,	1,	11,	3,	4,	1,	0),	
(24,	1,	12,	3,	4,	2,	0),	
(25,	1,	4,	3,	4,	3,	0),	
(26,	1,	2,	3,	4,	4,	0),	
(27,	1,	3,	4,	1,	1,	0),	
(28,	1,	10,	4,	1,	2,	0),	
(29,	1,	6,	4,	1,	3,	0),	
(30,	1,	16,	4,	1,	4,	0),	
(31,	1,	7,	4,	1,	5,	0),	
(32,	1,	1,	4,	2,	1,	0),	
(33,	1,	18,	4,	2,	2,	0),	
(34,	1,	20,	4,	2,	3,	0),	
(35,	1,	8,	4,	2,	4,	0),	
(36,	1,	16,	4,	2,	5,	0),	
(37,	1,	17,	4,	3,	1,	0),	
(38,	1,	15,	4,	3,	2,	0),	
(39,	1,	2,	4,	3,	3,	0),	
(40,	1,	9,	4,	3,	4,	0),	
(41,	1,	19,	4,	3,	5,	0),	
(42,	1,	13,	4,	4,	1,	0),	
(43,	1,	1,	4,	4,	2,	0),	
(44,	1,	7,	4,	4,	3,	0),	
(45,	1,	3,	4,	4,	4,	0),	
(46,	1,	6,	4,	4,	5,	0),	
(47,	1,	1,	5,	1,	1,	0),	
(48,	1,	8,	5,	1,	2,	0),	
(49,	1,	16,	5,	1,	3,	0),	
(50,	1,	20,	5,	1,	4,	0),	
(51,	1,	13,	5,	1,	5,	0),	
(52,	1,	12,	5,	1,	6,	0),	
(53,	1,	4,	5,	2,	1,	0),	
(54,	1,	10,	5,	2,	2,	0),	
(55,	1,	3,	5,	2,	3,	0),	
(56,	1,	9,	5,	2,	4,	0),	
(57,	1,	6,	5,	2,	5,	0),	
(58,	1,	14,	5,	2,	6,	0),	
(59,	1,	21,	5,	3,	1,	0),	
(60,	1,	15,	5,	3,	2,	0),	
(61,	1,	17,	5,	3,	3,	0),	
(62,	1,	8,	5,	3,	4,	0),	
(63,	1,	7,	5,	3,	5,	0),	
(64,	1,	13,	5,	3,	6,	0),	
(65,	1,	14,	5,	4,	1,	0),	
(66,	1,	1,	5,	4,	2,	0),	
(67,	1,	20,	5,	4,	3,	0),	
(68,	1,	18,	5,	4,	4,	0),	
(69,	1,	5,	5,	4,	5,	0),	
(70,	1,	3,	5,	4,	6,	0),	
(71,	1,	4,	6,	1,	1,	0),	
(72,	1,	14,	6,	1,	2,	0),	
(73,	1,	16,	6,	1,	3,	0),	
(74,	1,	20,	6,	1,	4,	0),	
(75,	1,	13,	6,	1,	5,	0),	
(76,	1,	8,	6,	1,	6,	0),	
(77,	1,	2,	6,	1,	7,	0),	
(78,	1,	10,	6,	2,	1,	0),	
(79,	1,	3,	6,	2,	2,	0),	
(80,	1,	6,	6,	2,	3,	0),	
(81,	1,	12,	6,	2,	4,	0),	
(82,	1,	11,	6,	2,	5,	0),	
(83,	1,	15,	6,	2,	6,	0),	
(84,	1,	9,	6,	2,	7,	0),	
(85,	1,	2,	6,	3,	1,	0),	
(86,	1,	13,	6,	3,	2,	0),	
(87,	1,	4,	6,	3,	3,	0),	
(88,	1,	7,	6,	3,	4,	0),	
(89,	1,	1,	6,	3,	5,	0),	
(90,	1,	19,	6,	3,	6,	0),	
(91,	1,	21,	6,	3,	7,	0),	
(92,	1,	6,	6,	4,	1,	0),	
(93,	1,	8,	6,	4,	2,	0),	
(94,	1,	14,	6,	4,	3,	0),	
(95,	1,	11,	6,	4,	4,	0),	
(96,	1,	9,	6,	4,	5,	0),	
(97,	1,	3,	6,	4,	6,	0),	
(98,	1,	5,	6,	4,	7,	0),	
(99,	1,	13,	7,	1,	1,	0),	
(100,	1,	3,	7,	1,	2,	0),	
(101,	1,	17,	7,	1,	3,	0),	
(102,	1,	7,	7,	1,	4,	0),	
(103,	1,	9,	7,	1,	5,	0),	
(104,	1,	2,	7,	1,	6,	0),	
(105,	1,	16,	7,	1,	7,	0),	
(106,	1,	8,	7,	1,	8,	0),	
(107,	1,	12,	7,	2,	1,	0),	
(108,	1,	5,	7,	2,	2,	0),	
(109,	1,	1,	7,	2,	3,	0),	
(110,	1,	6,	7,	2,	4,	0),	
(111,	1,	16,	7,	2,	5,	0),	
(112,	1,	9,	7,	2,	6,	0),	
(113,	1,	11,	7,	2,	7,	0),	
(114,	1,	20,	7,	2,	8,	0),	
(115,	1,	20,	7,	3,	1,	0),	
(116,	1,	15,	7,	3,	2,	0),	
(117,	1,	8,	7,	3,	3,	0),	
(118,	1,	19,	7,	3,	4,	0),	
(119,	1,	11,	7,	3,	5,	0),	
(120,	1,	12,	7,	3,	6,	0),	
(121,	1,	4,	7,	3,	7,	0),	
(122,	1,	2,	7,	3,	8,	0),	
(123,	1,	13,	7,	4,	1,	0),	
(124,	1,	7,	7,	4,	2,	0),	
(125,	1,	20,	7,	4,	3,	0),	
(126,	1,	8,	7,	4,	4,	0),	
(127,	1,	6,	7,	4,	5,	0),	
(128,	1,	14,	7,	4,	6,	0),	
(129,	1,	11,	7,	4,	7,	0),	
(130,	1,	9,	7,	4,	8,	0),	
(131,	1,	2,	8,	1,	1,	0),	
(132,	1,	13,	8,	1,	2,	0),	
(133,	1,	4,	8,	1,	3,	0),	
(134,	1,	14,	8,	1,	4,	0),	
(135,	1,	16,	8,	1,	5,	0),	
(136,	1,	20,	8,	1,	6,	0),	
(137,	1,	7,	8,	1,	7,	0),	
(138,	1,	1,	8,	1,	8,	0),	
(139,	1,	21,	8,	1,	9,	0),	
(140,	1,	11,	8,	2,	1,	0),	
(141,	1,	15,	8,	2,	2,	0),	
(142,	1,	9,	8,	2,	3,	0),	
(143,	1,	10,	8,	2,	4,	0),	
(144,	1,	3,	8,	2,	5,	0),	
(145,	1,	6,	8,	2,	6,	0),	
(146,	1,	12,	8,	2,	7,	0),	
(147,	1,	17,	8,	2,	8,	0),	
(148,	1,	19,	8,	2,	9,	0),	
(149,	1,	13,	8,	3,	1,	0),	
(150,	1,	3,	8,	3,	2,	0),	
(151,	1,	17,	8,	3,	3,	0),	
(152,	1,	16,	8,	3,	4,	0),	
(153,	1,	9,	8,	3,	5,	0),	
(154,	1,	11,	8,	3,	6,	0),	
(155,	1,	20,	8,	3,	7,	0),	
(156,	1,	7,	8,	3,	8,	0),	
(157,	1,	8,	8,	3,	9,	0),	
(158,	1,	13,	8,	4,	1,	0),	
(159,	1,	7,	8,	4,	2,	0),	
(160,	1,	20,	8,	4,	3,	0),	
(161,	1,	4,	8,	4,	4,	0),	
(162,	1,	14,	8,	4,	5,	0),	
(163,	1,	8,	8,	4,	6,	0),	
(164,	1,	6,	8,	4,	7,	0),	
(165,	1,	9,	8,	4,	8,	0),	
(166,	1,	11,	8,	4,	9,	0);	

-- Activity 1 demo data
INSERT INTO application (id, activity_id, animal_id, activity_level, level_round, round_order, is_example) VALUES 
(167, 1,	13,	1,	1,	1,	1),	(168, 1,	3,	1,	1,	2,	1);

-- Activity 2 demo data
INSERT INTO application (id, activity_id, animal_id, activity_level, level_round, round_order, is_example) VALUES 
(335, 2,	79,	1,	1,	1,	1),	(336, 2,	85,	1,	1,	2,	1);

-- Activity 2 Application data
INSERT INTO application (id, activity_id, animal_id, activity_level, level_round, round_order, is_example) VALUES 
(169,	2,	37,	1,	1,	1,	0),
(170,	2,	45,	1,	1,	2,	0),
(171,	2,	55,	1,	2,	1,	0),
(172,	2,	67,	1,	2,	2,	0),
(173,	2,	27,	2,	1,	1,	0),
(174,	2,	30,	2,	1,	2,	0),
(175,	2,	50,	2,	1,	3,	0),
(176,	2,	51,	2,	2,	1,	0),
(177,	2,	76,	2,	2,	2,	0),
(178,	2,	70,	2,	2,	3,	0),
(179,	2,	95,	3,	1,	1,	0),
(180,	2,	78,	3,	1,	2,	0),
(181,	2,	52,	3,	1,	3,	0),
(182,	2,	74,	3,	1,	4,	0),
(183,	2,	75,	3,	2,	1,	0),
(184,	2,	25,	3,	2,	2,	0),
(185,	2,	71,	3,	2,	3,	0),
(186,	2,	58,	3,	2,	4,	0),
(187,	2,	73,	3,	3,	1,	0),
(188,	2,	80,	3,	3,	2,	0),
(189,	2,	92,	3,	3,	3,	0),
(190,	2,	72,	3,	3,	4,	0),
(191,	2,	53,	3,	4,	1,	0),
(192,	2,	87,	3,	4,	2,	0),
(193,	2,	88,	3,	4,	3,	0),
(194,	2,	42,	3,	4,	4,	0),
(195,	2,	39,	4,	1,	1,	0),
(196,	2,	99,	4,	1,	2,	0),
(197,	2,	49,	4,	1,	3,	0),
(198,	2,	59,	4,	1,	4,	0),
(199,	2,	96,	4,	1,	5,	0),
(200,	2,	22,	4,	2,	1,	0),
(201,	2,	60,	4,	2,	2,	0),
(202,	2,	84,	4,	2,	3,	0),
(203,	2,	68,	4,	2,	4,	0),
(204,	2,	94,	4,	2,	5,	0),
(205,	2,	91,	4,	3,	1,	0),
(206,	2,	97,	4,	3,	2,	0),
(207,	2,	81,	4,	3,	3,	0),
(208,	2,	65,	4,	3,	4,	0),
(209,	2,	27,	4,	3,	5,	0),
(210,	2,	44,	4,	4,	1,	0),
(211,	2,	93,	4,	4,	2,	0),
(212,	2,	23,	4,	4,	3,	0),
(213,	2,	35,	4,	4,	4,	0),
(214,	2,	90,	4,	4,	5,	0),
(215,	2,	36,	5,	1,	1,	0),
(216,	2,	76,	5,	1,	2,	0),
(217,	2,	31,	5,	1,	3,	0),
(218,	2,	95,	5,	1,	4,	0),
(219,	2,	48,	5,	1,	5,	0),
(220,	2,	29,	5,	1,	6,	0),
(221,	2,	13,	5,	2,	1,	0),
(222,	2,	55,	5,	2,	2,	0),
(223,	2,	1,	5,	2,	3,	0),
(224,	2,	67,	5,	2,	4,	0),
(225,	2,	63,	5,	2,	5,	0),
(226,	2,	86,	5,	2,	6,	0),
(227,	2,	45,	5,	3,	1,	0),
(228,	2,	70,	5,	3,	2,	0),
(229,	2,	51,	5,	3,	3,	0),
(230,	2,	30,	5,	3,	4,	0),
(231,	2,	27,	5,	3,	5,	0),
(232,	2,	74,	5,	3,	6,	0),
(233,	2,	40,	5,	4,	1,	0),
(234,	2,	39,	5,	4,	2,	0),
(235,	2,	75,	5,	4,	3,	0),
(236,	2,	71,	5,	4,	4,	0),
(237,	2,	76,	5,	4,	5,	0),
(238,	2,	73,	5,	4,	6,	0),
(239,	2,	61,	6,	1,	1,	0),
(240,	2,	99,	6,	1,	2,	0),
(241,	2,	36,	6,	1,	3,	0),
(242,	2,	65,	6,	1,	4,	0),
(243,	2,	43,	6,	1,	5,	0),
(244,	2,	82,	6,	1,	6,	0),
(245,	2,	84,	6,	1,	7,	0),
(246,	2,	75,	6,	2,	1,	0),
(247,	2,	48,	6,	2,	2,	0),
(248,	2,	68,	6,	2,	3,	0),
(249,	2,	51,	6,	2,	4,	0),
(250,	2,	76,	6,	2,	5,	0),
(251,	2,	44,	6,	2,	6,	0),
(252,	2,	70,	6,	2,	7,	0),
(253,	2,	22,	6,	3,	1,	0),
(254,	2,	86,	6,	3,	2,	0),
(255,	2,	48,	6,	3,	3,	0),
(256,	2,	40,	6,	3,	4,	0),
(257,	2,	62,	6,	3,	5,	0),
(258,	2,	68,	6,	3,	6,	0),
(259,	2,	94,	6,	3,	7,	0),
(260,	2,	63,	6,	4,	1,	0),
(261,	2,	25,	6,	4,	2,	0),
(262,	2,	56,	6,	4,	3,	0),
(263,	2,	38,	6,	4,	4,	0),
(264,	2,	91,	6,	4,	5,	0),
(265,	2,	51,	6,	4,	6,	0),
(266,	2,	88,	6,	4,	7,	0),
(267,	2,	69,	7,	1,	1,	0),
(268,	2,	41,	7,	1,	2,	0),
(269,	2,	72,	7,	1,	3,	0),
(270,	2,	79,	7,	1,	4,	0),
(271,	2,	74,	7,	1,	5,	0),
(272,	2,	39,	7,	1,	6,	0),
(273,	2,	97,	7,	1,	7,	0),
(274,	2,	49,	7,	1,	8,	0),
(275,	2,	58,	7,	2,	1,	0),
(276,	2,	63,	7,	2,	2,	0),
(277,	2,	33,	7,	2,	3,	0),
(278,	2,	24,	7,	2,	4,	0),
(279,	2,	98,	7,	2,	5,	0),
(280,	2,	85,	7,	2,	6,	0),
(281,	2,	16,	7,	2,	7,	0),
(282,	2,	57,	7,	2,	8,	0),
(283,	2,	77,	7,	3,	1,	0),
(284,	2,	32,	7,	3,	2,	0),
(285,	2,	46,	7,	3,	3,	0),
(286,	2,	69,	7,	3,	4,	0),
(287,	2,	26,	7,	3,	5,	0),
(288,	2,	54,	7,	3,	6,	0),
(289,	2,	89,	7,	3,	7,	0),
(290,	2,	38,	7,	3,	8,	0),
(291,	2,	12,	7,	4,	1,	0),
(292,	2,	53,	7,	4,	2,	0),
(293,	2,	83,	7,	4,	3,	0),
(294,	2,	87,	7,	4,	4,	0),
(295,	2,	28,	7,	4,	5,	0),
(296,	2,	42,	7,	4,	6,	0),
(297,	2,	90,	7,	4,	7,	0),
(298,	2,	23,	7,	4,	8,	0),
(299,	2,	58,	8,	1,	1,	0),
(300,	2,	91,	8,	1,	2,	0),
(301,	2,	99,	8,	1,	3,	0),
(302,	2,	49,	8,	1,	4,	0),
(303,	2,	59,	8,	1,	5,	0),
(304,	2,	96,	8,	1,	6,	0),
(305,	2,	81,	8,	1,	7,	0),
(306,	2,	24,	8,	1,	8,	0),
(307,	2,	34,	8,	1,	9,	0),
(308,	2,	22,	8,	2,	1,	0),
(309,	2,	51,	8,	2,	2,	0),
(310,	2,	84,	8,	2,	3,	0),
(311,	2,	68,	8,	2,	4,	0),
(312,	2,	60,	8,	2,	5,	0),
(313,	2,	47,	8,	2,	6,	0),
(314,	2,	94,	8,	2,	7,	0),
(315,	2,	44,	8,	2,	8,	0),
(316,	2,	57,	8,	2,	9,	0),
(317,	2,	36,	8,	3,	1,	0),
(318,	2,	50,	8,	3,	2,	0),
(319,	2,	66,	8,	3,	3,	0),
(320,	2,	97,	8,	3,	4,	0),
(321,	2,	81,	8,	3,	5,	0),
(322,	2,	11,	8,	3,	6,	0),
(323,	2,	65,	8,	3,	7,	0),
(324,	2,	90,	8,	3,	8,	0),
(325,	2,	27,	8,	3,	9,	0),
(326,	2,	44,	8,	4,	1,	0),
(327,	2,	31,	8,	4,	2,	0),
(328,	2,	64,	8,	4,	3,	0),
(329,	2,	93,	8,	4,	4,	0),
(330,	2,	23,	8,	4,	5,	0),
(331,	2,	35,	8,	4,	6,	0),
(332,	2,	16,	8,	4,	7,	0),
(333,	2,	66,	8,	4,	8,	0),
(334,	2,	29,	8,	4,	9,	0);
