INSERT INTO `animal` (`id`, `name_en`, `name_th`, `audio_title`, `status`) VALUES
(1, 'Ant', 'มด', 'resources/Ant.m4a', 1),
(2, 'Bear', 'หมี ', 'resources/Bear.m4a', 1),
(3, 'Bee', 'ผึ้ง', 'resources/Bee.m4a', 1),
(4, 'Bird', 'นก', 'resources/Bird.m4a', 1),
(5, 'Buffalo', 'ควาย', 'resources/Buffalo.m4a', 1),
(6, 'Cat', 'แมว ', 'resources/Cat.m4a', 1),
(7, 'Chicken', 'ไก่', 'resources/Chicken.m4a', 1),
(8, 'Cow', 'วัว', 'resources/Cow.m4a', 1),
(9, 'Crab', 'ปู', 'resources/Crab.m4a', 1),
(10, 'Dear', 'กวาง', 'resources/Dear.m4a', 1),
(11, 'Dog', 'หมา', 'resources/Dog.m4a', 1),
(12, 'Elephant', 'ช้าง', 'resources/Elephant.m4a', 1),
(13, 'Fish', 'ปลา', 'resources/Fish.m4a', 1),
(14, 'Frog', 'กบ', 'resources/Frog.m4a', 1),
(15, 'Lion', 'สิงโต', 'resources/Lion.m4a', 1),
(16, 'Monkey', 'ลิง', 'resources/Monkey.m4a', 1),
(17, 'Pig', 'หมู', 'resources/Pig.m4a', 1),
(18, 'Rat', 'หนู', 'resources/Rat.m4a', 1),
(19, 'Shrimp', 'กุ้ง', 'resources/Shrimp.m4a', 1),
(20, 'Tiger', 'เสือ ', 'resources/Tiger.m4a', 1),
(21, 'Turtle', 'เต่า ', 'resources/Turtle.m4a', 1);

Insert into activity (ID, ACTIVITY_NAME_EN, ACTIVITY_NAME_TH, DESCRIPTION, STATUS) VALUES (1, 'Animal Name', 'ชื่อสัตว์', 'Memorize Animal Name', 1), 
(2, 'Object Name', 'ชื่อออบเจ็กต์', 'Memorize Object Name', 1),  (3, 'Image Poisition', 'ตำแหน่งรูปภาพ', 'Memorize Image Position', 1);

INSERT INTO application(id, activity_id, animal_id, activity_level, level_order, is_example) VALUES (1,	1,	13,	1,	1,	0),
(2,	1,	3,	1,	2,	0),
(3,	1,	17,	2,	1,	0),
(4,	1,	15,	2,	2,	0),
(5,	1,	9,	3,	1,	0),
(6,	1,	2,	3,	2,	0),
(7,	1,	16,	3,	3,	0),
(8,	1,	12,	4,	1,	0),
(9,	1,	5,	4,	2,	0),
(10,	1,	1,	4,	3,	0),
(11,	1,	20,	5,	1,	0),
(12,	1,	7,	5,	2,	0),
(13,	1,	8,	5,	3,	0),
(14,	1,	19,	5,	4,	0),
(15,	1,	6,	6,	1,	0),
(16,	1,	16,	6,	2,	0),
(17,	1,	9,	6,	3,	0),
(18,	1,	11,	6,	4,	0),
(19,	1,	17,	7,	1,	0),
(20,	1,	16,	7,	2,	0),
(21,	1,	11,	7,	3,	0),
(22,	1,	13,	7,	4,	0),
(23,	1,	11,	8,	1,	0),
(24,	1,	12,	8,	2,	0),
(25,	1,	4,	8,	3,	0),
(26,	1,	2,	8,	4,	0),
(27,	1,	3,	9,	1,	0),
(28,	1,	10,	9,	2,	0),
(29,	1,	6,	9,	3,	0),
(30,	1,	16,	9,	4,	0),
(31,	1,	7,	9,	5,	0),
(32,	1,	1,	10,	1,	0),
(33,	1,	18,	10,	2,	0),
(34,	1,	20,	10,	3,	0),
(35,	1,	8,	10,	4,	0),
(36,	1,	16,	10,	5,	0),
(37,	1,	17,	11,	1,	0),
(38,	1,	15,	11,	2,	0),
(39,	1,	2,	11,	3,	0),
(40,	1,	9,	11,	4,	0),
(41,	1,	19,	11,	5,	0),
(42,	1,	13,	12,	1,	0),
(43,	1,	1,	12,	2,	0),
(44,	1,	7,	12,	3,	0),
(45,	1,	3,	12,	4,	0),
(46,	1,	6,	12,	5,	0),
(47,	1,	1,	13,	1,	0),
(48,	1,	8,	13,	2,	0),
(49,	1,	16,	13,	3,	0),
(50,	1,	20,	13,	4,	0),
(51,	1,	13,	13,	5,	0),
(52,	1,	12,	13,	6,	0),
(53,	1,	4,	14,	1,	0),
(54,	1,	10,	14,	2,	0),
(55,	1,	3,	14,	3,	0),
(56,	1,	9,	14,	4,	0),
(57,	1,	6,	14,	5,	0),
(58,	1,	14,	14,	6,	0),
(59,	1,	21,	15,	1,	0),
(60,	1,	15,	15,	2,	0),
(61,	1,	17,	15,	3,	0),
(62,	1,	8,	15,	4,	0),
(63,	1,	7,	15,	5,	0),
(64,	1,	13,	15,	6,	0),
(65,	1,	14,	16,	1,	0),
(66,	1,	1,	16,	2,	0),
(67,	1,	20,	16,	3,	0),
(68,	1,	18,	16,	4,	0),
(69,	1,	5,	16,	5,	0),
(70,	1,	3,	16,	6,	0),
(71,	1,	4,	17,	1,	0),
(72,	1,	14,	17,	2,	0),
(73,	1,	16,	17,	3,	0),
(74,	1,	20,	17,	4,	0),
(75,	1,	13,	17,	5,	0),
(76,	1,	8,	17,	6,	0),
(77,	1,	2,	17,	7,	0),
(78,	1,	10,	18,	1,	0),
(79,	1,	3,	18,	2,	0),
(80,	1,	6,	18,	3,	0),
(81,	1,	12,	18,	4,	0),
(82,	1,	11,	18,	5,	0),
(83,	1,	15,	18,	6,	0),
(84,	1,	9,	18,	7,	0),
(85,	1,	2,	19,	1,	0),
(86,	1,	13,	19,	2,	0),
(87,	1,	4,	19,	3,	0),
(88,	1,	7,	19,	4,	0),
(89,	1,	1,	19,	5,	0),
(90,	1,	19,	19,	6,	0),
(91,	1,	21,	19,	7,	0),
(92,	1,	6,	20,	1,	0),
(93,	1,	8,	20,	2,	0),
(94,	1,	14,	20,	3,	0),
(95,	1,	11,	20,	4,	0),
(96,	1,	9,	20,	5,	0),
(97,	1,	3,	20,	6,	0),
(98,	1,	5,	20,	7,	0),
(99,	1,	13,	21,	1,	0),
(100,	1,	3,	21,	2,	0),
(101,	1,	17,	21,	3,	0),
(102,	1,	7,	21,	4,	0),
(103,	1,	9,	21,	5,	0),
(104,	1,	2,	21,	6,	0),
(105,	1,	16,	21,	7,	0),
(106,	1,	8,	21,	8,	0),
(107,	1,	12,	22,	1,	0),
(108,	1,	5,	22,	2,	0),
(109,	1,	1,	22,	3,	0),
(110,	1,	6,	22,	4,	0),
(111,	1,	16,	22,	5,	0),
(112,	1,	9,	22,	6,	0),
(113,	1,	11,	22,	7,	0),
(114,	1,	20,	22,	8,	0),
(115,	1,	20,	23,	1,	0),
(116,	1,	15,	23,	2,	0),
(117,	1,	8,	23,	3,	0),
(118,	1,	19,	23,	4,	0),
(119,	1,	11,	23,	5,	0),
(120,	1,	12,	23,	6,	0),
(121,	1,	4,	23,	7,	0),
(122,	1,	2,	23,	8,	0),
(123,	1,	13,	24,	1,	0),
(124,	1,	7,	24,	2,	0),
(125,	1,	20,	24,	3,	0),
(126,	1,	8,	24,	4,	0),
(127,	1,	6,	24,	5,	0),
(128,	1,	14,	24,	6,	0),
(129,	1,	11,	24,	7,	0),
(130,	1,	9,	24,	8,	0),
(131,	1,	2,	25,	1,	0),
(132,	1,	13,	25,	2,	0),
(133,	1,	4,	25,	3,	0),
(134,	1,	14,	25,	4,	0),
(135,	1,	16,	25,	5,	0),
(136,	1,	20,	25,	6,	0),
(137,	1,	7,	25,	7,	0),
(138,	1,	1,	25,	8,	0),
(139,	1,	21,	25,	9,	0),
(140,	1,	11,	26,	1,	0),
(141,	1,	15,	26,	2,	0),
(142,	1,	9,	26,	3,	0),
(143,	1,	10,	26,	4,	0),
(144,	1,	3,	26,	5,	0),
(145,	1,	6,	26,	6,	0),
(146,	1,	12,	26,	7,	0),
(147,	1,	17,	26,	8,	0),
(148,	1,	19,	26,	9,	0),
(149,	1,	13,	27,	1,	0),
(150,	1,	3,	27,	2,	0),
(151,	1,	17,	27,	3,	0),
(152,	1,	16,	27,	4,	0),
(153,	1,	9,	27,	5,	0),
(154,	1,	11,	27,	6,	0),
(155,	1,	20,	27,	7,	0),
(156,	1,	7,	27,	8,	0),
(157,	1,	8,	27,	9,	0),
(158,	1,	13,	28,	1,	0),
(159,	1,	7,	28,	2,	0),
(160,	1,	20,	28,	3,	0),
(161,	1,	4,	28,	4,	0),
(162,	1,	14,	28,	5,	0),
(163,	1,	8,	28,	6,	0),
(164,	1,	6,	28,	7,	0),
(165,	1,	9,	28,	8,	0),
(166,	1,	11,	28,	9,	0);
